"","Site","campaign","habitat","drying_regime","flow_state","mean_mg_N2ON_m2_d","mean_soil_temp","mean_soil_VWC","mean_pool_riffle_depth_cm","sed_temp","sed_VWC","Air_temp","Temp_water_C","Mean_Velocity..m.s.","bedrock","boulders","cobbles","gravel","sand","silt","Sed_OM","DO_mg_L","pH","cond_us_cm","Freq_Flow","Freq_Dry","Freq_Ponded","latitude","longitude","m_to_source","freq_flow_2021","freq_dry_2021","freq_pool_2021","freqflow7","freqflow30","freqdry7","freqdry30","freqpool7","freqpool30","Tsince_manual","percent_C","percent_N","CN_ratio","Canopy_Cover_Benth","Stock_Benth_g.m2","Ave.wet.width_m","Embeddedness","Discharge_l_s","masl","length.IR.up","length.PR.up","percent.IR.up","percent.PR.up","Max..wetted.width..m.","Min..wetted.width..m.","Bankfull.at.max..wetted.width..m.","Bankfull.at.min..wetted.width..m.","MeanDur_Ponded","MeanDur_Dry","MeanDur_Flow","MaxDur_Ponded","MaxDur_Dry","MaxDur_Flow","sed_pH","sed_cond_uS_cm","NO3_N_mg_l","DN_ugL","DOC_ugL","SRP_ugL","NH4_N_ugL","In_stream_N2O_mg_m2_d","aquatic_conditions.x","aquatic_conditions.y"
"1","AL01","1","Flowing","perennial","flowing",0.186828043160966,NA,NA,18.44,NA,NA,5.6,3.8,0.1936,3,15,76,5,1,0,2.9,11.97,7.77,326,0.890710383,0,0.109289617,46.082816,5.619329,3631.301,1,0,0,1,1,0,0,0,0,NA,1.0976406,0.144952791,7.57240058937534,56,1.651284563,4.4,0,0.072,902,0,3708.4,0,100,7,2.5,19,11,30,NA,244.5,39,NA,482,7.36,793,0.192,320,3107.5,3,0,0.186828043160966,"Flowing","Flowing"
"2","AL01","1","Riparian","perennial","flowing",0.00339970515423295,3.04666666666667,0.354933333333333,NA,NA,NA,5.6,NA,NA,NA,NA,NA,NA,NA,NA,2.9,NA,NA,326,0.890710383,0,0.109289617,46.082816,5.619329,3631.301,1,0,0,1,1,0,0,0,0,NA,10.63659227,0.389537025,27.3057285632861,NA,1.651284563,4.4,0,NA,902,0,3708.4,0,100,7,2.5,19,11,30,NA,244.5,39,NA,482,NA,NA,NA,NA,NA,NA,NA,0.186828043160966,"Flowing","Flowing"
"3","AL01","3","Flowing","perennial","flowing",0.139996015373007,NA,NA,12.8,NA,NA,12.8252,12,0.1812,0,15,80,5,0,0,5.31,9.59,7.94,3.84,0.890710383,0,0.109289617,46.082816,5.619329,3631.301,1,0,0,1,1,0,0,0,0,NA,1.895505774,0.178668304,10.6090768847283,56,3.22785551,2.9,0,0.02,902,0,3708.4,0,100,5.6,2,19,11,30,NA,244.5,39,NA,482,7.71,248,0.09,376.5,5735.5,7,3,0.139996015373007,"Flowing","Flowing"
"4","AL01","3","Riparian","perennial","flowing",0.0802512748355379,11.92,0.4056,NA,NA,NA,12.7674,NA,NA,NA,NA,NA,NA,NA,NA,5.31,NA,NA,3.84,0.890710383,0,0.109289617,46.082816,5.619329,3631.301,1,0,0,1,1,0,0,0,0,NA,13.19440574,0.585918945,22.5191655818536,NA,3.22785551,2.9,0,NA,902,0,3708.4,0,100,5.6,2,19,11,30,NA,244.5,39,NA,482,NA,NA,NA,NA,NA,NA,NA,0.139996015373007,"Flowing","Flowing"
"5","AL01","5","Flowing","perennial","flowing",0.0471727333092986,NA,NA,12,NA,NA,9.669,10.5,0.1482,0,20,77,2,1,0,1.05,9.44,7.88,424,0.890710383,0,0.109289617,46.082816,5.619329,3631.301,1,0,0,1,1,0,0,0,0,NA,0.677774906,0.062503436,10.8438023471222,56,2.009278528,2.35,0,0.025,902,0,3708.4,0,100,3,1.8,19,11,30,NA,244.5,39,NA,482,8.35,84.1,0.275,589,5022.5,2,57,0.0471727333092986,"Flowing","Flowing"
"6","AL01","5","Riparian","perennial","flowing",0.325856109115258,12.7666666666667,0.44,NA,NA,NA,9.965,NA,NA,NA,NA,NA,NA,NA,NA,1.05,NA,NA,424,0.890710383,0,0.109289617,46.082816,5.619329,3631.301,1,0,0,1,1,0,0,0,0,NA,14.67114934,0.544188906,26.9596626800768,NA,2.009278528,2.35,0,NA,902,0,3708.4,0,100,3,1.8,19,11,30,NA,244.5,39,NA,482,NA,NA,NA,NA,NA,NA,NA,0.0471727333092986,"Flowing","Flowing"
"7","AL01","7","Flowing","perennial","flowing",0.0532265664928466,NA,NA,9,NA,NA,-2.0532,4.6,0.0243,5,25,60,5,5,0,2.35,11.15,7.87,414,0.890710383,0,0.109289617,46.082816,5.619329,3631.301,1,0,0,1,1,0,0,0,0,NA,0.887065116,0.152996079,5.7979598026169,56,6.397375263,2.3,0,0.005,902,0,3708.4,0,100,4.3,1.5,19,11,30,NA,244.5,39,NA,482,8.55,98.7,0.131,318.5,3961.5,3,13,0.0532265664928466,"Flowing","Flowing"
"8","AL01","7","Riparian","perennial","flowing",0.0171355956231453,3.53333333333333,NA,NA,NA,NA,-2.007,NA,NA,NA,NA,NA,NA,NA,NA,2.35,NA,NA,414,0.890710383,0,0.109289617,46.082816,5.619329,3631.301,1,0,0,1,1,0,0,0,0,NA,10.24964591,0.365673162,28.029527389817,NA,6.397375263,2.3,0,NA,902,0,3708.4,0,100,4.3,1.5,19,11,30,NA,244.5,39,NA,482,NA,NA,NA,NA,NA,NA,NA,0.0532265664928466,"Flowing","Flowing"
"9","AL02","1","Flowing","intermittent_long","flowing",0.258140506998408,NA,NA,29.8,NA,NA,7.33333333333333,5.1,0.2504,50,10,35,5,0,0,4.55,14.29,8.43,391,0.37585034,0.610544218,0.013605442,46.01002,5.587158,13488.83,0.424657534246575,0.556164383561644,0.0191780821917808,1,0.387096774193548,0,0.580645161290323,0,0.032258064516129,8,1.715524472,0.233388258,7.35051748833054,9.5,0.592440797,7.4,0,0.174,803,16025.8,7755.3,59.10765724,28.60372738,12,2.3,22,17,1,17.0952381,10.52380952,1,100,34,7.39,129,0.505,554,2208,43,6,0.258140506998408,"Flowing","Flowing"
"10","AL02","1","Riparian","intermittent_long","flowing",0.0282762752042886,1.78333333333333,0.267666666666667,NA,NA,NA,7.33333333333333,NA,NA,NA,NA,NA,NA,NA,NA,4.55,NA,NA,391,0.37585034,0.610544218,0.013605442,46.01002,5.587158,13488.83,0.424657534246575,0.556164383561644,0.0191780821917808,1,0.387096774193548,0,0.580645161290323,0,0.032258064516129,8,10.07693805,0.404540208,24.9096081198436,NA,0.592440797,7.4,0,NA,803,16025.8,7755.3,59.10765724,28.60372738,12,2.3,22,17,1,17.0952381,10.52380952,1,100,34,NA,NA,NA,NA,NA,NA,NA,0.258140506998408,"Flowing","Flowing"
"11","AL02","3","Dry","intermittent_long","dry",0.0303519698730329,NA,NA,NA,16.9495188888889,NA,22.3531666666667,NA,0,50,10,35,5,0,0,1.19,NA,NA,NA,0.37585034,0.610544218,0.013605442,46.01002,5.587158,13488.83,0.424657534246575,0.556164383561644,0.0191780821917808,0.75,0.290322580645161,0.25,0.709677419354839,0,0,1,0.598074602,0.107751004,5.55052463362662,9.5,0.099128617,NA,0,NA,803,16025.8,7755.3,59.10765724,28.60372738,NA,NA,22,17,1,17.0952381,10.52380952,1,100,34,8.09,103.2,NA,NA,NA,NA,NA,0.0303519698730329,"Dry","Dry"
"12","AL02","3","Riparian","intermittent_long","dry",0.271262948186758,16.8444444444445,0.256888888888889,NA,NA,NA,22.0681666666667,NA,NA,NA,NA,NA,NA,NA,NA,1.19,NA,NA,NA,0.37585034,0.610544218,0.013605442,46.01002,5.587158,13488.83,0.424657534246575,0.556164383561644,0.0191780821917808,0.75,0.290322580645161,0.25,0.709677419354839,0,0,1,9.98108452,0.499211075,19.9937161249878,NA,0.099128617,NA,0,NA,803,16025.8,7755.3,59.10765724,28.60372738,NA,NA,22,17,1,17.0952381,10.52380952,1,100,34,NA,NA,NA,NA,NA,NA,NA,0.0303519698730329,"Dry","Dry"
"13","AL02","5","Dry","intermittent_long","dry",0.00662726097906737,NA,NA,NA,20.041515,NA,27.468,NA,0,50,10,35,5,0,0,3.13,NA,NA,NA,0.37585034,0.610544218,0.013605442,46.01002,5.587158,13488.83,0.424657534246575,0.556164383561644,0.0191780821917808,0,0.0645161290322581,1,0.903225806451613,0,0.032258064516129,27,0.454697213,0.046986583,9.67717131079738,9.5,11.43012146,NA,0,NA,803,16025.8,7755.3,59.10765724,28.60372738,0,NA,22,17,1,17.0952381,10.52380952,1,100,34,7.54,1013,NA,NA,NA,NA,NA,0.00662726097906737,"Dry","Dry"
"14","AL02","5","Riparian","intermittent_long","dry",0.121734014399052,14.6916666666667,0.132583333333333,NA,NA,NA,27.468,NA,NA,NA,NA,NA,NA,NA,NA,3.13,NA,NA,NA,0.37585034,0.610544218,0.013605442,46.01002,5.587158,13488.83,0.424657534246575,0.556164383561644,0.0191780821917808,0,0.0645161290322581,1,0.903225806451613,0,0.032258064516129,27,11.09671649,0.507847783,21.8504773703029,NA,11.43012146,NA,0,NA,803,16025.8,7755.3,59.10765724,28.60372738,0,NA,22,17,1,17.0952381,10.52380952,1,100,34,NA,NA,NA,NA,NA,NA,NA,0.00662726097906737,"Dry","Dry"
"15","AL03","1","Flowing","intermittent_moderate","flowing",0.218964673417284,NA,NA,31.9,NA,NA,5.25,4.2,0.30175,20,15,50,10,5,0,1.45,12.36,8.48,396,0.744637385,0.220633299,0.034729316,45.968351,5.575517,20053.87,0.923287671232877,0.0712328767123288,0.00547945205479452,1,1,0,0,0,0,123,0.497069473,0.121478614,4.09182700257018,16.5,1.09752326,7.9,10,0.444,735,21634.6,14018.5,50.18406189,32.51760012,13,3.8,23,19,3.4,15,40.5,8,82,279,7.1,1239,0.527,658.5,3696,30,62,0.218964673417284,"Flowing","Flowing"
"16","AL03","1","Riparian","intermittent_moderate","flowing",0.0602499524841813,1.76111111111111,0.288555555555556,NA,NA,NA,6.25,NA,NA,NA,NA,NA,NA,NA,NA,1.45,NA,NA,396,0.744637385,0.220633299,0.034729316,45.968351,5.575517,20053.87,0.923287671232877,0.0712328767123288,0.00547945205479452,1,1,0,0,0,0,123,12.91257624,0.465581822,27.7342791961495,NA,1.09752326,7.9,10,NA,735,21634.6,14018.5,50.18406189,32.51760012,13,3.8,23,19,3.4,15,40.5,8,82,279,NA,NA,NA,NA,NA,NA,NA,0.218964673417284,"Flowing","Flowing"
"17","AL03","3","Flowing","intermittent_moderate","flowing",0.631285289832084,NA,NA,NA,NA,NA,22.4808333333333,15.8,0.25355,17,15,50,15,1,2,1.2,9.1,7.91,405,0.744637385,0.220633299,0.034729316,45.968351,5.575517,20053.87,0.923287671232877,0.0712328767123288,0.00547945205479452,1,1,0,0,0,0,219,0.592321064,0.129324656,4.58010933352106,16.5,1.182502864,7.4,0,0.121,735,21634.6,14018.5,50.18406189,32.51760012,11,2.3,23,19,3.4,15,40.5,8,82,279,7.92,172.6,0.466,821.5,5921.5,34,106,0.631285289832084,"Flowing","Flowing"
"18","AL03","3","Riparian","intermittent_moderate","flowing",0.592749189533595,15.9111111111111,0.302166666666667,NA,NA,NA,21.6646666666667,NA,NA,NA,NA,NA,NA,NA,NA,1.2,NA,NA,405,0.744637385,0.220633299,0.034729316,45.968351,5.575517,20053.87,0.923287671232877,0.0712328767123288,0.00547945205479452,1,1,0,0,0,0,219,23.1225934,0.866563423,26.6830941467051,NA,1.182502864,7.4,0,NA,735,21634.6,14018.5,50.18406189,32.51760012,11,2.3,23,19,3.4,15,40.5,8,82,279,NA,NA,NA,NA,NA,NA,NA,0.631285289832084,"Flowing","Flowing"
"19","AL03","7","Flowing","intermittent_moderate","flowing",0.204606237802777,NA,NA,12,NA,NA,0.64,3.4,NA,10,20,54,15,1,0,NA,12.04,8.08,472,0.744637385,0.220633299,0.034729316,45.968351,5.575517,20053.87,0.923287671232877,0.0712328767123288,0.00547945205479452,0.125,0.032258064516129,0,0,0,0,53,NA,NA,NA,16.5,15.28326107,5.6,0,0.276,735,21634.6,14018.5,50.18406189,32.51760012,12,1.4,23,19,3.4,15,40.5,8,82,279,NA,NA,1.723,1709,2153,101,25,0.204606237802777,"Flowing","Flowing"
"20","AL03","7","Riparian","intermittent_moderate","flowing",0.00842193911172542,3.05,0.29325,NA,NA,NA,0.78725,NA,NA,NA,NA,NA,NA,NA,NA,NA,NA,NA,472,0.744637385,0.220633299,0.034729316,45.968351,5.575517,20053.87,0.923287671232877,0.0712328767123288,0.00547945205479452,0.125,0.032258064516129,0,0,0,0,53,11.5791048,0.716180392,16.1678606805532,NA,15.28326107,5.6,0,NA,735,21634.6,14018.5,50.18406189,32.51760012,12,1.4,23,19,3.4,15,40.5,8,82,279,NA,NA,NA,NA,NA,NA,NA,0.204606237802777,"Flowing","Flowing"
"21","AL04","1","Flowing","perennial","flowing",0.21399087359459,NA,NA,82,NA,NA,20.4,8.9,0.2544,0,35,30,20,15,0,NA,11.8,8.3,365,1,0,0,45.92436,5.499879,31139.34,1,0,0,1,1,0,0,0,0,NA,NA,NA,NA,36,0.592433401,18.6,10,NA,322,21634.6,29018.8,31.79571591,42.64805085,20,17,30,25,0,0,NA,0,0,NA,NA,NA,0.655,599.5,1446.5,11,3,0.21399087359459,"Flowing","Flowing"
"22","AL04","1","Riparian","perennial","flowing",0.155782503095841,9.34,0.351533333333334,NA,NA,NA,20.4,NA,NA,NA,NA,NA,NA,NA,NA,NA,NA,NA,365,1,0,0,45.92436,5.499879,31139.34,1,0,0,1,1,0,0,0,0,NA,11.37135408,0.183261668,62.0498230977577,NA,0.592433401,18.6,10,NA,322,21634.6,29018.8,31.79571591,42.64805085,20,17,30,25,0,0,NA,0,0,NA,NA,NA,NA,NA,NA,NA,NA,0.21399087359459,"Flowing","Flowing"
"23","AL04","3","Flowing","perennial","flowing",0.269570656769447,NA,NA,63.84,NA,NA,11.681,10.7,0.155633333,0,30,50,15,5,0,1.12,11.28,8.23,392,1,0,0,45.92436,5.499879,31139.34,1,0,0,1,1,0,0,0,0,NA,0.282297339,0.0765439,3.68804488665981,36,0.436195566,15.3,5,NA,322,21634.6,29018.8,31.79571591,42.64805085,18,14,30,25,0,0,NA,0,0,NA,9.49,226,0.634,608.5,1768,14,3,0.269570656769447,"Flowing","Flowing"
"24","AL04","3","Riparian","perennial","flowing",0.359411279336412,13.06,0.3504,NA,NA,NA,11.7202,NA,NA,NA,NA,NA,NA,NA,NA,1.12,NA,NA,392,1,0,0,45.92436,5.499879,31139.34,1,0,0,1,1,0,0,0,0,NA,12.08912716,0.345233734,35.0172244755201,NA,0.436195566,15.3,5,NA,322,21634.6,29018.8,31.79571591,42.64805085,18,14,30,25,0,0,NA,0,0,NA,NA,NA,NA,NA,NA,NA,NA,0.269570656769447,"Flowing","Flowing"
"25","AL04","5","Flowing","perennial","flowing",0.503934852511716,NA,NA,50,NA,NA,17.094,12.9,0.2705,0,30,50,15,5,0,1.25,10.53,8.12,388,1,0,0,45.92436,5.499879,31139.34,1,0,0,1,1,0,0,0,0,NA,0.360310735,0.05010381,7.19128415583565,36,3.094261446,9.2,10,0.864,322,21634.6,29018.8,31.79571591,42.64805085,11.5,6.9,30,25,0,0,NA,0,0,NA,7.67,1710,0.773,723.5,1318,15,15,0.503934852511716,"Flowing","Flowing"
"26","AL04","5","Riparian","perennial","flowing",0.0766486876027542,16.7555555555556,0.116111111111111,NA,NA,NA,17.1573333333333,NA,NA,NA,NA,NA,NA,NA,NA,1.25,NA,NA,388,1,0,0,45.92436,5.499879,31139.34,1,0,0,1,1,0,0,0,0,NA,11.77137375,0.252931322,46.5398024132416,NA,3.094261446,9.2,10,NA,322,21634.6,29018.8,31.79571591,42.64805085,11.5,6.9,30,25,0,0,NA,0,0,NA,NA,NA,NA,NA,NA,NA,NA,0.503934852511716,"Flowing","Flowing"
"27","AL04","7","Flowing","perennial","flowing",0.206042953649859,NA,NA,41,NA,NA,2.7086,7.88,0.1734,1,25,54,15,5,0,0.64,11.33,8.44,409,1,0,0,45.92436,5.499879,31139.34,1,0,0,1,1,0,0,0,0,NA,0.208515964,0.09601903,2.17161081506447,36,0.697671757,11.69,5,1.88,322,21634.6,29018.8,31.79571591,42.64805085,16,7.5,30,25,0,0,NA,0,0,NA,8.82,292,0.871,844,1337.5,14,17,0.206042953649859,"Flowing","Flowing"
"28","AL04","7","Riparian","perennial","flowing",0.0118358616804243,NA,0.34275,NA,NA,NA,2.57,NA,NA,NA,NA,NA,NA,NA,NA,0.64,NA,NA,409,1,0,0,45.92436,5.499879,31139.34,1,0,0,1,1,0,0,0,0,NA,10.09691121,0.268997551,37.5353276357523,NA,0.697671757,11.69,5,NA,322,21634.6,29018.8,31.79571591,42.64805085,16,7.5,30,25,0,0,NA,0,0,NA,NA,NA,NA,NA,NA,NA,NA,0.206042953649859,"Flowing","Flowing"
"29","AL05","1","Flowing","perennial","flowing",0.26137977684085,NA,NA,43.4166666666667,NA,NA,10.9166666666667,10.8,0.3081,0,45,40,10,5,0,2.4,13.89,8.58,350,1,0,0,45.924939,5.402877,42564.67,1,0,0,1,1,0,0,0,0,NA,0.915796738,0.112301559,8.15479986346405,15.5,0.294456763,19.8,0,4.797,279,29543.4,56648.4,26.87241619,51.52688524,22,18,35,21,0,0,NA,0,0,NA,7.2,552,0.626,602.5,1236,4,0,0.26137977684085,NA,NA
"30","AL05","1","Riparian","perennial","flowing",0.0607891576520945,6.58888888888889,0.337722222222222,NA,NA,NA,13,NA,NA,NA,NA,NA,NA,NA,NA,2.4,NA,NA,350,1,0,0,45.924939,5.402877,42564.67,1,0,0,1,1,0,0,0,0,NA,11.27268141,0.231456845,48.7031671497985,NA,0.294456763,19.8,0,NA,279,29543.4,56648.4,26.87241619,51.52688524,22,18,35,21,0,0,NA,0,0,NA,NA,NA,NA,NA,NA,NA,NA,0.26137977684085,NA,NA
"31","AL05","3","Flowing","perennial","flowing",0.250251668701584,NA,NA,36.08,NA,NA,18.3726,13.8,0.2583,0,20,65,10,5,0,2.17,11.91,8.41,378,1,0,0,45.924939,5.402877,42564.67,1,0,0,1,1,0,0,0,0,NA,0.624232367,0.084410809,7.39517100232981,15.5,1.530367177,19.2,0,3.878,279,29543.4,56648.4,26.87241619,51.52688524,21,17,35,21,0,0,NA,0,0,NA,8.64,145.1,0.714,667,1540.5,11,11,0.250251668701584,"Flowing","Flowing"
"32","AL05","3","Riparian","perennial","flowing",0.147195164845334,16.2533333333333,0.344533333333333,NA,NA,NA,18.4238,NA,NA,NA,NA,NA,NA,NA,NA,2.17,NA,NA,378,1,0,0,45.924939,5.402877,42564.67,1,0,0,1,1,0,0,0,0,NA,10.90473266,0.19017563,57.3403262026791,NA,1.530367177,19.2,0,NA,279,29543.4,56648.4,26.87241619,51.52688524,21,17,35,21,0,0,NA,0,0,NA,NA,NA,NA,NA,NA,NA,NA,0.250251668701584,"Flowing","Flowing"
"33","AL05","5","Flowing","perennial","flowing",0.13403430483228,NA,NA,37.65,NA,NA,21.235,17,0.1225,0,30,50,15,5,0,1.16,12.38,8.36,351,1,0,0,45.924939,5.402877,42564.67,1,0,0,1,1,0,0,0,0,NA,0.252503413,0.046962899,5.37665728429584,15.5,11.01572077,15.6,0,0.92,279,29543.4,56648.4,26.87241619,51.52688524,18,15,35,21,0,0,NA,0,0,NA,7.64,246,0.612,651.5,1409,29,7,0.13403430483228,"Flowing","Flowing"
"34","AL05","5","Riparian","perennial","flowing",0.2384980377849,19.3583333333333,0.176833333333334,NA,NA,NA,21.30725,NA,NA,NA,NA,NA,NA,NA,NA,1.16,NA,NA,351,1,0,0,45.924939,5.402877,42564.67,1,0,0,1,1,0,0,0,0,NA,12.15524045,0.329522728,36.8874114504175,NA,11.01572077,15.6,0,NA,279,29543.4,56648.4,26.87241619,51.52688524,18,15,35,21,0,0,NA,0,0,NA,NA,NA,NA,NA,NA,NA,NA,0.13403430483228,"Flowing","Flowing"
"35","AL05","7","Flowing","perennial","flowing",0.179080617638823,NA,NA,36.2,NA,NA,5.3332,7.5,0.165666667,0,30,50,15,5,0,0.99,12.86,8.55,3.85,1,0,0,45.924939,5.402877,42564.67,1,0,0,1,1,0,0,0,0,NA,0.252049931,0.076171994,3.30895802727706,15.5,6.360454287,19.5,5,1.44,279,29543.4,56648.4,26.87241619,51.52688524,21,17,35,21,0,0,NA,0,0,NA,8.59,97.1,0.852,841,1085,9,17,0.179080617638823,"Flowing","Flowing"
"36","AL05","7","Riparian","perennial","flowing",0.0401078685976457,4.98333333333333,0.360416666666666,NA,NA,NA,5.635,NA,NA,NA,NA,NA,NA,NA,NA,0.99,NA,NA,3.85,1,0,0,45.924939,5.402877,42564.67,1,0,0,1,1,0,0,0,0,NA,11.8031183,0.357226335,33.0410083008018,NA,6.360454287,19.5,5,NA,279,29543.4,56648.4,26.87241619,51.52688524,21,17,35,21,0,0,NA,0,0,NA,NA,NA,NA,NA,NA,NA,NA,0.179080617638823,"Flowing","Flowing"
"37","AL06","1","Flowing","intermittent_moderate","flowing",0.409742843781409,NA,NA,73.3333333333333,NA,NA,22.6666666666667,11,NA,0,0,70,20,0,10,1.17,13.16,8.4,356,0.955489614,0.03264095,0.011869436,45.947267,5.359297,49112.59,NA,NA,NA,1,1,0,0,0,0,NA,0.546090988,0.094604495,5.77235772993662,23.5,0.807810934,16,0,4.64,251,42728.4,59115.8,33.4117636,46.22600272,24,10,36,NA,2,3.666666667,80.5,2,5,201,NA,NA,0.691,651,1209,5,0,0.409742843781409,"Flowing","Flowing"
"38","AL06","1","Riparian","intermittent_moderate","flowing",0.0622946694187113,6.19444444444444,0.3235,NA,NA,NA,23.6666666666667,NA,NA,NA,NA,NA,NA,NA,NA,1.17,NA,NA,356,0.955489614,0.03264095,0.011869436,45.947267,5.359297,49112.59,NA,NA,NA,1,1,0,0,0,0,NA,11.85644125,0.252847639,46.8916431131872,NA,0.807810934,16,0,NA,251,42728.4,59115.8,33.4117636,46.22600272,24,10,36,NA,2,3.666666667,80.5,2,5,201,NA,NA,NA,NA,NA,NA,NA,0.409742843781409,"Flowing","Flowing"
"39","AL06","3","Flowing","intermittent_moderate","flowing",0.462012950019173,NA,NA,46.3,NA,NA,18.5051666666667,12.2,0.2486,5,15,60,15,5,0,1.55,10.24,8.11,385,0.955489614,0.03264095,0.011869436,45.947267,5.359297,49112.59,NA,NA,NA,1,1,0,0,0,0,NA,0.554961809,0.088087401,6.30012695005044,23.5,1.079639694,13.6,0,3.514,251,42728.4,59115.8,33.4117636,46.22600272,20,8,36,NA,2,3.666666667,80.5,2,5,201,8.5,134.5,0.694,655.5,1519.5,10,5,0.462012950019173,"Flowing","Flowing"
"40","AL06","3","Riparian","intermittent_moderate","flowing",0.238838090269802,17.8777777777778,0.312777777777778,NA,NA,NA,18.5843333333333,NA,NA,NA,NA,NA,NA,NA,NA,1.55,NA,NA,385,0.955489614,0.03264095,0.011869436,45.947267,5.359297,49112.59,NA,NA,NA,1,1,0,0,0,0,NA,10.67751738,0.228370612,46.7552163848473,NA,1.079639694,13.6,0,NA,251,42728.4,59115.8,33.4117636,46.22600272,20,8,36,NA,2,3.666666667,80.5,2,5,201,NA,NA,NA,NA,NA,NA,NA,0.462012950019173,"Flowing","Flowing"
"41","AL06","5","Dry","intermittent_moderate","dry",0.0639532219762565,NA,NA,NA,20.9583333333333,0.0526666666666667,26.53625,NA,0,5,15,60,15,5,0,2,NA,NA,NA,0.955489614,0.03264095,0.011869436,45.947267,5.359297,49112.59,NA,NA,NA,0.625,0.903225806451613,0.125,0.032258064516129,0.25,0.0645161290322581,2,0.217264581,0.048632858,4.46744423286824,23.5,11.83287545,NA,0,NA,251,42728.4,59115.8,33.4117636,46.22600272,NA,NA,36,NA,2,3.666666667,80.5,2,5,201,8.37,98.9,NA,NA,NA,NA,NA,0.0639532219762565,"Dry","Dry"
"42","AL06","5","Riparian","intermittent_moderate","dry",0.0136976583943865,19.2583333333333,0.119166666666667,NA,NA,NA,26.70775,NA,NA,NA,NA,NA,NA,NA,NA,2,NA,NA,NA,0.955489614,0.03264095,0.011869436,45.947267,5.359297,49112.59,NA,NA,NA,0.625,0.903225806451613,0.125,0.032258064516129,0.25,0.0645161290322581,2,11.47262579,0.225034408,50.9816516148055,NA,11.83287545,NA,0,NA,251,42728.4,59115.8,33.4117636,46.22600272,NA,NA,36,NA,2,3.666666667,80.5,2,5,201,NA,NA,NA,NA,NA,NA,NA,0.0639532219762565,"Dry","Dry"
"43","AL06","7","Flowing","intermittent_moderate","flowing",0.267836740248255,NA,NA,36.5,NA,NA,17.042,NA,NA,5,15,60,15,5,0,NA,NA,NA,NA,0.955489614,0.03264095,0.011869436,45.947267,5.359297,49112.59,NA,NA,NA,0.125,0.032258064516129,0,0,0,0,50,NA,NA,NA,23.5,4.748222503,NA,0,NA,251,42728.4,59115.8,33.4117636,46.22600272,NA,NA,36,NA,2,3.666666667,80.5,2,5,201,NA,NA,0.84,832.5,1010,5,18,0.267836740248255,"Flowing","Flowing"
"44","AL06","7","Riparian","intermittent_moderate","flowing",0.0224080137892239,6.56666666666667,0.3068,NA,NA,NA,18.3776,NA,NA,NA,NA,NA,NA,NA,NA,NA,NA,NA,NA,0.955489614,0.03264095,0.011869436,45.947267,5.359297,49112.59,NA,NA,NA,0.125,0.032258064516129,0,0,0,0,50,13.78535021,0.257870242,53.4584762595445,NA,4.748222503,NA,0,NA,251,42728.4,59115.8,33.4117636,46.22600272,NA,NA,36,NA,2,3.666666667,80.5,2,5,201,NA,NA,NA,NA,NA,NA,NA,0.267836740248255,"Flowing","Flowing"
"45","AL07","1","Flowing","intermittent_long","flowing",0.138030423779567,NA,NA,56.7666666666667,NA,NA,8.66666666666667,9.6,0.269533333,0,10,70,15,0,5,2.71,11.14,8.08,366,0.524568393,0.386454183,0.088977424,45.96069669,5.276036686,59495.63,NA,NA,NA,0.875,NA,0,NA,0.125,NA,103,1.167303872,0.157589822,7.40722882471433,14.5,2.004881112,14.4,0,NA,223,53313.2,68228.3,36.12421485,46.23046015,19,8.4,34,23,6.090909091,26.36363636,20.78947368,23,120,73,NA,NA,0.737,697.5,1227.5,9,2,0.138030423779567,"Flowing","Flowing"
"46","AL07","1","Riparian","intermittent_long","flowing",0.698216639481219,7.55555555555556,0.342277777777778,NA,NA,NA,8.66666666666667,NA,NA,NA,NA,NA,NA,NA,NA,2.71,NA,NA,366,0.524568393,0.386454183,0.088977424,45.96069669,5.276036686,59495.63,NA,NA,NA,0.875,NA,0,NA,0.125,NA,103,12.26179949,0.339857408,36.0792473589394,NA,2.004881112,14.4,0,NA,223,53313.2,68228.3,36.12421485,46.23046015,19,8.4,34,23,6.090909091,26.36363636,20.78947368,23,120,73,NA,NA,NA,NA,NA,NA,NA,0.138030423779567,"Flowing","Flowing"
"47","AL07","3","Flowing","intermittent_long","flowing",0.246079232862717,NA,NA,34.2166666666667,NA,NA,19.2343333333333,15.7,0.209375,5,10,70,15,0,0,1.36,10.3,8.16,384,0.524568393,0.386454183,0.088977424,45.96069669,5.276036686,59495.63,NA,NA,NA,NA,NA,NA,NA,NA,NA,20,0.526567991,0.089830119,5.8618200316533,14.5,1.225437254,13,0,1.119,223,53313.2,68228.3,36.12421485,46.23046015,17,8,34,23,6.090909091,26.36363636,20.78947368,23,120,73,8.61,138.2,0.788,709.5,1354.5,24,6,0.246079232862717,"Flowing","Flowing"
"48","AL07","3","Riparian","intermittent_long","flowing",0.515452673731123,15.7722222222222,0.338833333333333,NA,NA,NA,19.282,NA,NA,NA,NA,NA,NA,NA,NA,1.36,NA,NA,384,0.524568393,0.386454183,0.088977424,45.96069669,5.276036686,59495.63,NA,NA,NA,NA,NA,NA,NA,NA,NA,20,9.853327523,0.22173127,44.4381503925901,NA,1.225437254,13,0,NA,223,53313.2,68228.3,36.12421485,46.23046015,17,8,34,23,6.090909091,26.36363636,20.78947368,23,120,73,NA,NA,NA,NA,NA,NA,NA,0.246079232862717,"Flowing","Flowing"
"49","AL07","5","Dry","intermittent_long","dry",-0.0235336576619812,NA,NA,NA,15.7133333333333,0.0435333333333333,15.9364,NA,0,5,10,70,15,0,0,1.77,NA,NA,NA,0.524568393,0.386454183,0.088977424,45.96069669,5.276036686,59495.63,NA,NA,NA,NA,NA,NA,NA,NA,NA,25,0.824836487,0.109410992,7.53888134932549,14.5,26.21573512,NA,0,NA,223,53313.2,68228.3,36.12421485,46.23046015,NA,NA,34,23,6.090909091,26.36363636,20.78947368,23,120,73,8.16,863,NA,NA,NA,NA,NA,-0.0235336576619812,"Dry","Dry"
"50","AL07","5","Riparian","intermittent_long","dry",0.0252680096805203,16.8566666666667,0.0943999999999999,NA,NA,NA,16.7516,NA,NA,NA,NA,NA,NA,NA,NA,1.77,NA,NA,NA,0.524568393,0.386454183,0.088977424,45.96069669,5.276036686,59495.63,NA,NA,NA,NA,NA,NA,NA,NA,NA,25,8.836768274,0.174729392,50.5740229096659,NA,26.21573512,NA,0,NA,223,53313.2,68228.3,36.12421485,46.23046015,NA,NA,34,23,6.090909091,26.36363636,20.78947368,23,120,73,NA,NA,NA,NA,NA,NA,NA,-0.0235336576619812,"Dry","Dry"
"51","AL07","7","Flowing","intermittent_long","flowing",0.161330127371993,NA,NA,31.5,NA,NA,8.581,NA,NA,5,10,70,15,0,0,NA,NA,NA,NA,0.524568393,0.386454183,0.088977424,45.96069669,5.276036686,59495.63,NA,NA,NA,NA,NA,NA,NA,NA,NA,1,NA,NA,NA,14.5,25.32726033,NA,0,NA,223,53313.2,68228.3,36.12421485,46.23046015,NA,NA,34,23,6.090909091,26.36363636,20.78947368,23,120,73,NA,NA,1.096,1042,2210.5,20,8,0.161330127371993,"Flowing","Flowing"
"52","AL07","7","Riparian","intermittent_long","flowing",0.0321977726853951,2.89166666666667,0.349666666666667,NA,NA,NA,8.581,NA,NA,NA,NA,NA,NA,NA,NA,NA,NA,NA,NA,0.524568393,0.386454183,0.088977424,45.96069669,5.276036686,59495.63,NA,NA,NA,NA,NA,NA,NA,NA,NA,1,9.609562012,0.232759705,41.2853333526952,NA,25.32726033,NA,0,NA,223,53313.2,68228.3,36.12421485,46.23046015,NA,NA,34,23,6.090909091,26.36363636,20.78947368,23,120,73,NA,NA,NA,NA,NA,NA,NA,0.161330127371993,"Flowing","Flowing"
"53","BR01","1","Flowing","intermittent_long","flowing",0.0269432885809337,NA,NA,14.1333333333333,NA,NA,3.41666666666667,7.9,0.374,0,0,85,10,5,0,2.87,11.65,8.57,383,0.184210526,0.793859649,0.021929825,45.963864,5.442748,1021.602,NA,NA,NA,NA,NA,NA,NA,NA,NA,NA,1.063430271,0.149981904,7.0903905247129,73.5,1.630214623,2.7,0,0.117,385,1239.3,0,100,0,4,2,12,11,1,20.11111111,4.666666667,1,180,14,7.5,820,1.049,1267,1472,5,16,0.0269432885809337,"Flowing","Flowing"
"54","BR01","1","Riparian","intermittent_long","flowing",0.0595051068262344,6.85,0.411111111111111,NA,NA,NA,3.33333333333333,NA,NA,NA,NA,NA,NA,NA,NA,2.87,NA,NA,383,0.184210526,0.793859649,0.021929825,45.963864,5.442748,1021.602,NA,NA,NA,NA,NA,NA,NA,NA,NA,NA,NA,NA,NA,NA,1.630214623,2.7,0,NA,385,1239.3,0,100,0,4,2,12,11,1,20.11111111,4.666666667,1,180,14,NA,NA,NA,NA,NA,NA,NA,0.0269432885809337,"Flowing","Flowing"
"55","BR01","3","Dry","intermittent_long","dry",0.0249057831754599,NA,NA,NA,14.8381466666667,NA,20.6943333333333,NA,0,0,0,85,10,5,0,3.08,NA,NA,NA,0.184210526,0.793859649,0.021929825,45.963864,5.442748,1021.602,NA,NA,NA,NA,NA,NA,NA,NA,NA,NA,0.996104189,0.11466871,8.68680033986604,73.5,1.704026177,NA,0,NA,385,1239.3,0,100,0,NA,NA,12,11,1,20.11111111,4.666666667,1,180,14,8.16,164.7,NA,NA,NA,NA,NA,0.0249057831754599,"Dry","Dry"
"56","BR01","3","Riparian","intermittent_long","dry",0.640564560763702,13.9166666666667,0.389666666666667,NA,NA,NA,20.5196666666667,NA,NA,NA,NA,NA,NA,NA,NA,3.08,NA,NA,NA,0.184210526,0.793859649,0.021929825,45.963864,5.442748,1021.602,NA,NA,NA,NA,NA,NA,NA,NA,NA,NA,NA,NA,NA,NA,1.704026177,NA,0,NA,385,1239.3,0,100,0,NA,NA,12,11,1,20.11111111,4.666666667,1,180,14,NA,NA,NA,NA,NA,NA,NA,0.0249057831754599,"Dry","Dry"
"57","BR01","5","Dry","intermittent_long","dry",0.0412889833966784,NA,NA,NA,14.0733333333333,0.0864,14.285,NA,0,0,0,85,10,5,0,2.42,NA,NA,NA,0.184210526,0.793859649,0.021929825,45.963864,5.442748,1021.602,NA,NA,NA,NA,NA,NA,NA,NA,NA,NA,0.630600762,0.13379455,4.71320215957974,73.5,33.28113853,NA,0,NA,385,1239.3,0,100,0,NA,NA,12,11,1,20.11111111,4.666666667,1,180,14,8.8,59.7,NA,NA,NA,NA,NA,0.0412889833966784,"Dry","Dry"
"58","BR01","5","Riparian","intermittent_long","dry",0.166084697816738,14.2266666666667,0.3342,NA,NA,NA,14.3244,NA,NA,NA,NA,NA,NA,NA,NA,2.42,NA,NA,NA,0.184210526,0.793859649,0.021929825,45.963864,5.442748,1021.602,NA,NA,NA,NA,NA,NA,NA,NA,NA,NA,4.856840335,0.320956911,15.1323749965926,NA,33.28113853,NA,0,NA,385,1239.3,0,100,0,NA,NA,12,11,1,20.11111111,4.666666667,1,180,14,NA,NA,NA,NA,NA,NA,NA,0.0412889833966784,"Dry","Dry"
"59","BR01","7","Flowing","intermittent_long","flowing",0.00212151515589102,NA,NA,22.625,NA,NA,0.14875,6.8,0.224,0,1,93,5,1,0,2.67,11.53,8.22,422,0.184210526,0.793859649,0.021929825,45.963864,5.442748,1021.602,NA,NA,NA,NA,NA,NA,NA,NA,NA,NA,0.924324594,0.145056777,6.37215725536215,73.5,25.71124769,2.8,0,0.036,385,1239.3,0,100,0,4.7,1.6,12,11,1,20.11111111,4.666666667,1,180,14,7.79,268,0.749,746,2327,2,12,0.00212151515589102,"Flowing","Flowing"
"60","BR01","7","Riparian","intermittent_long","flowing",-0.00468314922993293,3.3,0.396666666666667,NA,NA,NA,0.231666666666667,NA,NA,NA,NA,NA,NA,NA,NA,2.67,NA,NA,422,0.184210526,0.793859649,0.021929825,45.963864,5.442748,1021.602,NA,NA,NA,NA,NA,NA,NA,NA,NA,NA,NA,NA,NA,NA,25.71124769,2.8,0,NA,385,1239.3,0,100,0,4.7,1.6,12,11,1,20.11111111,4.666666667,1,180,14,NA,NA,NA,NA,NA,NA,NA,0.00212151515589102,"Flowing","Flowing"
"61","BR02","1","Flowing","perennial","flowing",0.884198692340385,NA,NA,19.8,NA,NA,4.9,9.4,0.45385,0,23,71,5,1,0,2.52,11.27,8.09,412,1,0,0,45.958314,5.44073,1678.923,1,0,0,1,1,0,0,0,0,NA,0.964848,0.156139852,6.17938333898254,88.5,0.119412637,4.3,10,0.421,352,1855,1405,56.90184049,43.09815951,5.7,3,6.9,5,0,0,NA,0,0,NA,7.48,756,0.675,615.5,1212,7,0,0.884198692340385,"Flowing","Flowing"
"62","BR02","1","Riparian","perennial","flowing",0.285095337371532,5.4,0.399533333333333,NA,NA,NA,4.7,NA,NA,NA,NA,NA,NA,NA,NA,2.52,NA,NA,412,1,0,0,45.958314,5.44073,1678.923,1,0,0,1,1,0,0,0,0,NA,NA,NA,NA,NA,0.119412637,4.3,10,NA,352,1855,1405,56.90184049,43.09815951,5.7,3,6.9,5,0,0,NA,0,0,NA,NA,NA,NA,NA,NA,NA,NA,0.884198692340385,"Flowing","Flowing"
"63","BR02","3","Flowing","perennial","flowing",0.994917923244717,NA,NA,32.3,NA,NA,12.1486,11,0.3717,1,30,63,5,1,0,2.65,10.84,8.36,421,1,0,0,45.958314,5.44073,1678.923,1,0,0,1,1,0,0,0,0,NA,0.993396622,0.115597548,8.59357866310452,88.5,0.085809877,3.7,10,0.238,352,1855,1405,56.90184049,43.09815951,4.5,2.5,6.9,5,0,0,NA,0,0,NA,7.98,237,0.646,608,1608,6,25,0.994917923244717,"Flowing","Flowing"
"64","BR02","3","Riparian","perennial","flowing",0.132504922506006,14.2066666666667,0.3914,NA,NA,NA,12.11,NA,NA,NA,NA,NA,NA,NA,NA,2.65,NA,NA,421,1,0,0,45.958314,5.44073,1678.923,1,0,0,1,1,0,0,0,0,NA,7.606186443,0.413078758,18.4134049395975,NA,0.085809877,3.7,10,NA,352,1855,1405,56.90184049,43.09815951,4.5,2.5,6.9,5,0,0,NA,0,0,NA,NA,NA,NA,NA,NA,NA,NA,0.994917923244717,"Flowing","Flowing"
"65","BU01","1","Flowing","intermittent_moderate","flowing",0.0460366353851576,NA,NA,23.7833333333333,NA,NA,5.16666666666667,7.5,0.4789,20,10,63,5,2,0,3.77,11.53,8.33,395,0.602389078,0.351535836,0.046075085,45.899826,5.39636,1327.798,0.723287671232877,0.224657534246575,0.0520547945205479,1,1,0,0,0,0,105,1.380950171,0.180261925,7.66079786954455,89,1.344218236,3.2,15,0.0242,554,2763.8,515.4,84.28275189,15.71724811,4.2,2.3,8,5.3,1.555555556,13.66666667,22,4,95,196,7.23,432,0.797,796,3098,8,30,0.0460366353851576,"Flowing","Flowing"
"66","BU01","1","Riparian","intermittent_moderate","flowing",0.059495139972745,5.01111111111111,0.361055555555556,NA,NA,NA,5.08333333333333,NA,NA,NA,NA,NA,NA,NA,NA,3.77,NA,NA,395,0.602389078,0.351535836,0.046075085,45.899826,5.39636,1327.798,0.723287671232877,0.224657534246575,0.0520547945205479,1,1,0,0,0,0,105,2.611378111,0.160922899,16.2275109833809,NA,1.344218236,3.2,15,NA,554,2763.8,515.4,84.28275189,15.71724811,4.2,2.3,8,5.3,1.555555556,13.66666667,22,4,95,196,NA,NA,NA,NA,NA,NA,NA,0.0460366353851576,"Flowing","Flowing"
"67","BU01","3","Flowing","intermittent_moderate","flowing",0.0255581181807454,NA,NA,22.4,NA,NA,17.9028333333333,12.8,0.171,35,25,20,15,5,0,3.51,10.37,8.25,533,0.602389078,0.351535836,0.046075085,45.899826,5.39636,1327.798,0.723287671232877,0.224657534246575,0.0520547945205479,0.625,0.838709677419355,0.25,0.0645161290322581,0.125,0.0967741935483871,4,1.179305939,0.14822804,7.95602464284086,89,0.318756273,2.6,0,0.034,554,2763.8,515.4,84.28275189,15.71724811,4.4,1.3,8,5.3,1.555555556,13.66666667,22,4,95,196,7.69,870,0.297,338,1587.5,10,6,0.0255581181807454,"Flowing","Flowing"
"68","BU01","3","Riparian","intermittent_moderate","flowing",0.107172850896075,13.85,0.3535,NA,NA,NA,17.855,NA,NA,NA,NA,NA,NA,NA,NA,3.51,NA,NA,533,0.602389078,0.351535836,0.046075085,45.899826,5.39636,1327.798,0.723287671232877,0.224657534246575,0.0520547945205479,0.625,0.838709677419355,0.25,0.0645161290322581,0.125,0.0967741935483871,4,3.62636439,0.228473826,15.8721217808118,NA,0.318756273,2.6,0,NA,554,2763.8,515.4,84.28275189,15.71724811,4.4,1.3,8,5.3,1.555555556,13.66666667,22,4,95,196,NA,NA,NA,NA,NA,NA,NA,0.0255581181807454,"Flowing","Flowing"
"69","BU01","7","Flowing","intermittent_moderate","flowing",3.49658042595815e-05,NA,NA,18.75,NA,NA,4.415,NA,NA,35,25,20,15,5,0,NA,NA,NA,NA,0.602389078,0.351535836,0.046075085,45.899826,5.39636,1327.798,0.723287671232877,0.224657534246575,0.0520547945205479,0,0.032258064516129,0,0,0.125,0,6,NA,NA,NA,89,3.492721903,NA,0,NA,554,2763.8,515.4,84.28275189,15.71724811,NA,NA,8,5.3,1.555555556,13.66666667,22,4,95,196,NA,NA,0.448,518.5,2593.5,8,7,3.49658042595815e-05,"Flowing","Flowing"
"70","BU01","7","Riparian","intermittent_moderate","flowing",0.0057012789973762,2.2,0.35625,NA,NA,NA,4.415,NA,NA,NA,NA,NA,NA,NA,NA,NA,NA,NA,NA,0.602389078,0.351535836,0.046075085,45.899826,5.39636,1327.798,0.723287671232877,0.224657534246575,0.0520547945205479,0,0.032258064516129,0,0,0.125,0,6,3.180880485,0.223223105,14.2497815582307,NA,3.492721903,NA,0,NA,554,2763.8,515.4,84.28275189,15.71724811,NA,NA,8,5.3,1.555555556,13.66666667,22,4,95,196,NA,NA,NA,NA,NA,NA,NA,3.49658042595815e-05,"Flowing","Flowing"
"71","BU02","1","Flowing","perennial","flowing",0.537360815752173,NA,NA,28.8333333333333,NA,NA,13.75,10,0.1948,5,25,35,30,5,0,1.92,11.21,8,402,1,0,0,45.914635,5.373575,4686.043,1,0,0,1,1,0,0,0,0,NA,0.620170048,0.132208459,4.69084998562762,95.5,0.812552122,2.1,10,0.089,340,2763.8,9112.5,23.27155764,76.72844236,2.5,1.7,3.7,3.2,0,0,NA,0,0,NA,7.19,1787,0.918,837,731.5,2,0,0.537360815752173,"Flowing","Flowing"
"72","BU02","1","Riparian","perennial","flowing",0.0886230628886024,6.53888888888889,0.254,NA,NA,NA,14.5,NA,NA,NA,NA,NA,NA,NA,NA,1.92,NA,NA,402,1,0,0,45.914635,5.373575,4686.043,1,0,0,1,1,0,0,0,0,NA,6.503203598,0.298287302,21.8018117244562,NA,0.812552122,2.1,10,NA,340,2763.8,9112.5,23.27155764,76.72844236,2.5,1.7,3.7,3.2,0,0,NA,0,0,NA,NA,NA,NA,NA,NA,NA,NA,0.537360815752173,"Flowing","Flowing"
"73","BU02","3","Flowing","perennial","flowing",0.753994341560055,NA,NA,NA,NA,NA,19.187,12,0.3311,0,45,45,10,0,0,16.61,10.36,8.15,420,1,0,0,45.914635,5.373575,4686.043,1,0,0,1,1,0,0,0,0,NA,1.026001629,0.159161437,6.44629533597388,95.5,0.93428718,2.7,0,NA,340,2763.8,9112.5,23.27155764,76.72844236,32,2.1,3.7,3.2,0,0,NA,0,0,NA,8.51,128.2,1.009,946.5,753,7,4,0.753994341560055,"Flowing","Flowing"
"74","BU02","3","Riparian","perennial","flowing",0.224632547508923,15.5533333333333,0.313466666666667,NA,NA,NA,19.0538,NA,NA,NA,NA,NA,NA,NA,NA,16.61,NA,NA,420,1,0,0,45.914635,5.373575,4686.043,1,0,0,1,1,0,0,0,0,NA,5.699216439,0.275949125,20.6531419115752,NA,0.93428718,2.7,0,NA,340,2763.8,9112.5,23.27155764,76.72844236,32,2.1,3.7,3.2,0,0,NA,0,0,NA,NA,NA,NA,NA,NA,NA,NA,0.753994341560055,"Flowing","Flowing"
"75","BU02","7","Flowing","perennial","flowing",0.920469420962246,NA,NA,32.75,NA,NA,3.97125,NA,NA,0,40,54,5,1,0,NA,NA,NA,NA,1,0,0,45.914635,5.373575,4686.043,1,0,0,1,1,0,0,0,0,NA,NA,NA,NA,95.5,6.327597655,NA,10,NA,340,2763.8,9112.5,23.27155764,76.72844236,NA,NA,3.7,3.2,0,0,NA,0,0,NA,NA,NA,0.934,906.5,1674,2,3,0.920469420962246,"Flowing","Flowing"
"76","BU02","7","Riparian","perennial","flowing",0.0399743260185925,3.21666666666667,NA,NA,NA,NA,3.945,NA,NA,NA,NA,NA,NA,NA,NA,NA,NA,NA,NA,1,0,0,45.914635,5.373575,4686.043,1,0,0,1,1,0,0,0,0,NA,5.713387786,0.309882596,18.437265789525,NA,6.327597655,NA,10,NA,340,2763.8,9112.5,23.27155764,76.72844236,NA,NA,3.7,3.2,0,0,NA,0,0,NA,NA,NA,NA,NA,NA,NA,NA,0.920469420962246,"Flowing","Flowing"
"77","CA01","1","Flowing","perennial","flowing",0.548340041687729,NA,NA,26.4,NA,NA,8.5,8.7,0.303,0,5,80,15,0,0,3.03,11.13,8.04,432,1,0,0,45.880623,5.494407,2093.278,1,0,0,1,1,0,0,0,0,NA,1.286937579,0.150820603,8.53290302121388,67.5,0.340765228,3.3,40,0.002,538,1686.4,727.8,69.85336758,30.14663242,3.7,2.7,6,4,0,0,NA,0,0,NA,7.87,611,0.811,770,1394,8,0,0.548340041687729,"Flowing","Flowing"
"78","CA01","1","Riparian","perennial","flowing",0.0871392850321759,6.57333333333334,0.342866666666667,NA,NA,NA,8,NA,NA,NA,NA,NA,NA,NA,NA,3.03,NA,NA,432,1,0,0,45.880623,5.494407,2093.278,1,0,0,1,1,0,0,0,0,NA,9.137535246,0.491591311,18.5876663023444,NA,0.340765228,3.3,40,NA,538,1686.4,727.8,69.85336758,30.14663242,3.7,2.7,6,4,0,0,NA,0,0,NA,NA,NA,NA,NA,NA,NA,NA,0.548340041687729,"Flowing","Flowing"
"79","CA01","3","Flowing","perennial","flowing",0.742494090031567,NA,NA,24.775,NA,NA,14.373,11.1,0.4748,0,10,60,29,1,0,3.28,10.42,7.58,454,1,0,0,45.880623,5.494407,2093.278,1,0,0,1,1,0,0,0,0,NA,0.654665881,0.124814197,5.24512352549125,67.5,0.419382345,2.75,0,0.134,538,1686.4,727.8,69.85336758,30.14663242,3.6,1.8,6,4,0,0,NA,0,0,NA,7.73,325,1.172,1010.5,2678.5,4,59,0.742494090031567,"Flowing","Flowing"
"80","CA01","3","Riparian","perennial","flowing",0.169011891129013,13.2866666666667,0.366666666666667,NA,NA,NA,14.1912,NA,NA,NA,NA,NA,NA,NA,NA,3.28,NA,NA,454,1,0,0,45.880623,5.494407,2093.278,1,0,0,1,1,0,0,0,0,NA,8.931598363,0.472414415,18.9062782154943,NA,0.419382345,2.75,0,NA,538,1686.4,727.8,69.85336758,30.14663242,3.6,1.8,6,4,0,0,NA,0,0,NA,NA,NA,NA,NA,NA,NA,NA,0.742494090031567,"Flowing","Flowing"
"81","CA01","5","Flowing","perennial","flowing",0.333022507715202,NA,NA,15.9,NA,NA,15.59275,11.5,0.1609,0,20,75,5,0,0,2.87,10,7.97,460,1,0,0,45.880623,5.494407,2093.278,1,0,0,1,1,0,0,0,0,NA,1.488672804,0.199959083,7.44488713223395,67.5,11.80760836,2.9,40,0.009,538,1686.4,727.8,69.85336758,30.14663242,3.9,0.8,6,4,0,0,NA,0,0,NA,7.37,124.7,0.947,866,1124.5,9,28,0.333022507715202,"Flowing","Flowing"
"82","CA01","5","Riparian","perennial","flowing",0.0547571112491218,14.6916666666667,0.35575,NA,NA,NA,15.52125,NA,NA,NA,NA,NA,NA,NA,NA,2.87,NA,NA,460,1,0,0,45.880623,5.494407,2093.278,1,0,0,1,1,0,0,0,0,NA,9.193991904,0.249541424,36.8435498869318,NA,11.80760836,2.9,40,NA,538,1686.4,727.8,69.85336758,30.14663242,3.9,0.8,6,4,0,0,NA,0,0,NA,NA,NA,NA,NA,NA,NA,NA,0.333022507715202,"Flowing","Flowing"
"83","CA01","7","Flowing","perennial","flowing",0.174845460006498,NA,NA,NA,NA,NA,5.17533333333333,8.5,0.240981,0,30,60,10,0,0,1.19,10.83,8.1,434,1,0,0,45.880623,5.494407,2093.278,1,0,0,1,1,0,0,0,0,NA,0.383173055,0.116687865,3.28374381517735,67.5,5.437537325,2.56,40,0.013,538,1686.4,727.8,69.85336758,30.14663242,3.8,1.7,6,4,0,0,NA,0,0,NA,7.84,2310,0.719,728,1129,8,4,0.174845460006498,"Flowing","Flowing"
"84","CA01","7","Riparian","perennial","flowing",0.011579597098139,6.53333333333333,0.283666666666667,NA,NA,NA,5.17533333333333,NA,NA,NA,NA,NA,NA,NA,NA,1.19,NA,NA,434,1,0,0,45.880623,5.494407,2093.278,1,0,0,1,1,0,0,0,0,NA,5.776980173,0.29725962,19.4341235213851,NA,5.437537325,2.56,40,NA,538,1686.4,727.8,69.85336758,30.14663242,3.8,1.7,6,4,0,0,NA,0,0,NA,NA,NA,NA,NA,NA,NA,NA,0.174845460006498,"Flowing","Flowing"
"85","CA02","1","Flowing","perennial","flowing",1.65614637030199,NA,NA,27,NA,NA,6,9.2,0.576,0,10,67,15,8,0,1.33,11.33,8.22,400,1,0,0,45.920551,5.442415,9170.02,1,0,0,1,1,0,0,0,0,NA,0.386415708,0.083610493,4.62161738479404,44.5,0.398325616,9.7,0,0.017,372,4543.3,9722.4,27.93693544,59.7834308,11,6,15,10,0,0,NA,0,0,NA,8.1,521,0.852,816,1230.5,12,1,1.65614637030199,"Flowing","Flowing"
"86","CA02","1","Riparian","perennial","flowing",0.071864883347463,5.12,0.3578,NA,NA,NA,6.1,NA,NA,NA,NA,NA,NA,NA,NA,1.33,NA,NA,400,1,0,0,45.920551,5.442415,9170.02,1,0,0,1,1,0,0,0,0,NA,10.51184672,0.229513937,45.8004723260008,NA,0.398325616,9.7,0,NA,372,4543.3,9722.4,27.93693544,59.7834308,11,6,15,10,0,0,NA,0,0,NA,NA,NA,NA,NA,NA,NA,NA,1.65614637030199,"Flowing","Flowing"
"87","CA02","3","Flowing","perennial","flowing",1.15814098921162,NA,NA,24.44,NA,NA,18.159,11.8,0.3232,0,15,60,20,5,0,0.29,10.49,7.71,375,1,0,0,45.920551,5.442415,9170.02,1,0,0,1,1,0,0,0,0,NA,1.001574729,0.151623022,6.60569032188265,44.5,0.451031582,6.9,0,0.447,372,4543.3,9722.4,27.93693544,59.7834308,10,3.7,15,10,0,0,NA,0,0,NA,8.29,136.7,0.801,734,1302.5,4,13,1.15814098921162,"Flowing","Flowing"
"88","CA02","3","Riparian","perennial","flowing",0.134976937139955,15.1866666666667,0.348066666666667,NA,NA,NA,18.2928,NA,NA,NA,NA,NA,NA,NA,NA,0.29,NA,NA,375,1,0,0,45.920551,5.442415,9170.02,1,0,0,1,1,0,0,0,0,NA,9.633282008,0.323373705,29.789936098855,NA,0.451031582,6.9,0,NA,372,4543.3,9722.4,27.93693544,59.7834308,10,3.7,15,10,0,0,NA,0,0,NA,NA,NA,NA,NA,NA,NA,NA,1.15814098921162,"Flowing","Flowing"
"89","CA02","7","Flowing","perennial","flowing",0.875841789922619,NA,NA,26.7,NA,NA,2.5748,9,0.31795,0,20,70,5,5,0,1.03,11.06,8.11,386,1,0,0,45.920551,5.442415,9170.02,1,0,0,1,1,0,0,0,0,NA,0.349832275,0.053667331,6.51853312772346,44.5,5.986889182,6.4,5,0.21,372,4543.3,9722.4,27.93693544,59.7834308,8.6,3.8,15,10,0,0,NA,0,0,NA,8.52,77.6,0.82,781.5,855.5,7,13,0.875841789922619,"Flowing","Flowing"
"90","CA02","7","Riparian","perennial","flowing",0.0703531875612281,5.03333333333333,0.36325,NA,NA,NA,3.848,NA,NA,NA,NA,NA,NA,NA,NA,1.03,NA,NA,386,1,0,0,45.920551,5.442415,9170.02,1,0,0,1,1,0,0,0,0,NA,8.475246702,0.265200868,31.9578392254734,NA,5.986889182,6.4,5,NA,372,4543.3,9722.4,27.93693544,59.7834308,8.6,3.8,15,10,0,0,NA,0,0,NA,NA,NA,NA,NA,NA,NA,NA,0.875841789922619,"Flowing","Flowing"
"91","CO01","1","Flowing","perennial","flowing",0.0993535014245218,NA,NA,7.96666666666667,NA,NA,18.5833333333333,3.3,0.0951,5,0,32,58,5,0,1.69,10.58,7.42,322,1,0,0,46.056561,5.617871,512.2979,1,0,0,1,1,0,0,0,0,NA,0.636783219,0.099001944,6.43202742564328,48,1.911206727,1.3,0,0.007,909,0,1150.2,0,100,1.8,1.2,3,1.1,0,0,NA,0,0,NA,7.47,1005,0.713,737.5,3756,1,1,0.0993535014245218,"Flowing","Flowing"
"92","CO01","1","Riparian","perennial","flowing",0.0161641163189151,1.85,0.312333333333334,NA,NA,NA,18.5833333333333,NA,NA,NA,NA,NA,NA,NA,NA,1.69,NA,NA,322,1,0,0,46.056561,5.617871,512.2979,1,0,0,1,1,0,0,0,0,NA,17.43896936,0.810214218,21.5238994485283,NA,1.911206727,1.3,0,NA,909,0,1150.2,0,100,1.8,1.2,3,1.1,0,0,NA,0,0,NA,NA,NA,NA,NA,NA,NA,NA,0.0993535014245218,"Flowing","Flowing"
"93","CO01","3","Flowing","perennial","flowing",2.58484556550179,NA,NA,18.25,NA,NA,16.99825,14.5,0.3615,5,2,49,39,5,0,4.39,7.45,7.28,301,1,0,0,46.056561,5.617871,512.2979,1,0,0,1,1,0,0,0,0,NA,0.738330293,0.126058865,5.85702792897588,48,1.225683934,1.3,0,0.041,909,0,1150.2,0,100,1.9,0.9,3,1.1,0,0,NA,0,0,NA,7.46,908,0.671,912.5,9393,2,25,2.58484556550179,"Flowing","Flowing"
"94","CO01","3","Riparian","perennial","flowing",0.246806912244387,13.2,0.354266666666667,NA,NA,NA,16.9414,NA,NA,NA,NA,NA,NA,NA,NA,4.39,NA,NA,301,1,0,0,46.056561,5.617871,512.2979,1,0,0,1,1,0,0,0,0,NA,12.72139345,0.715058543,17.7907019985076,NA,1.225683934,1.3,0,NA,909,0,1150.2,0,100,1.9,0.9,3,1.1,0,0,NA,0,0,NA,NA,NA,NA,NA,NA,NA,NA,2.58484556550179,"Flowing","Flowing"
"95","CO01","5","Flowing","perennial","flowing",-0.00231167603334671,NA,NA,8.25,NA,NA,13.678,10.6,0.0456,5,0,80,10,5,0,1.75,8.96,7.76,423,1,0,0,46.056561,5.617871,512.2979,1,0,0,1,1,0,0,0,0,NA,0.881689707,0.131665498,6.69643695875437,48,0.838435552,1.15,0,0.003,909,0,1150.2,0,100,1.6,0.8,3,1.1,0,0,NA,0,0,NA,8.05,147.2,0.185,525,5738.5,1,20,-0.00231167603334671,"Flowing","Flowing"
"96","CO01","5","Riparian","perennial","flowing",0.0433567020568748,13.3,0.277166666666667,NA,NA,NA,13.678,NA,NA,NA,NA,NA,NA,NA,NA,1.75,NA,NA,423,1,0,0,46.056561,5.617871,512.2979,1,0,0,1,1,0,0,0,0,NA,12.53722303,0.667703216,18.7766401742178,NA,0.838435552,1.15,0,NA,909,0,1150.2,0,100,1.6,0.8,3,1.1,0,0,NA,0,0,NA,NA,NA,NA,NA,NA,NA,NA,-0.00231167603334671,"Flowing","Flowing"
"97","CO01","7","Flowing","perennial","flowing",-0.00350909647516676,NA,NA,11.4,NA,NA,3.2184,4,0.0197,5,1,69,25,0,0,1.64,10.83,8.19,435,1,0,0,46.056561,5.617871,512.2979,1,0,0,1,1,0,0,0,0,NA,0.911139534,0.116805206,7.80050449121249,48,2.572614752,0.9,0,0.001,909,0,1150.2,0,100,1.4,0.3,1.2,3,0,0,NA,0,0,NA,7.95,1097,0.166,311.5,3882,1,4,-0.00350909647516676,"Flowing","Flowing"
"98","CO01","7","Riparian","perennial","flowing",0.015378798531229,3.44666666666667,NA,NA,NA,NA,3.3432,NA,NA,NA,NA,NA,NA,NA,NA,1.64,NA,NA,435,1,0,0,46.056561,5.617871,512.2979,1,0,0,1,1,0,0,0,0,NA,32.39252833,1.976896672,16.3855444691648,NA,2.572614752,0.9,0,NA,909,0,1150.2,0,100,1.4,0.3,1.2,3,0,0,NA,0,0,NA,NA,NA,NA,NA,NA,NA,NA,-0.00350909647516676,"Flowing","Flowing"
"99","GR01","1","Flowing","intermittent_moderate","flowing",0.112483864065936,NA,NA,15.65,NA,NA,6.08333333333333,8.5,0.303545455,25,5,55,15,0,0,4.26,11.32,8.3,486,0.828651685,0.101123596,0.070224719,45.917338,5.456714,928.713,NA,NA,NA,NA,NA,NA,NA,NA,NA,121,1.602030606,0.157216419,10.1899700819416,87,0.201961433,2.5,25,0.041,394,1872.8,482.7,79.50753556,20.49246444,3.4,1.9,8,5,3.75,9,31.25,9,20,101,7.6,691,0.157,210.5,2032,1,2,0.112483864065936,"Flowing","Flowing"
"100","GR01","1","Riparian","intermittent_moderate","flowing",0.0897070824670064,5.21111111111111,0.356666666666667,NA,NA,NA,6.08333333333333,NA,NA,NA,NA,NA,NA,NA,NA,4.26,NA,NA,486,0.828651685,0.101123596,0.070224719,45.917338,5.456714,928.713,NA,NA,NA,NA,NA,NA,NA,NA,NA,121,9.255220262,0.369143045,25.0721783529743,NA,0.201961433,2.5,25,NA,394,1872.8,482.7,79.50753556,20.49246444,3.4,1.9,8,5,3.75,9,31.25,9,20,101,NA,NA,NA,NA,NA,NA,NA,0.112483864065936,"Flowing","Flowing"
"101","GR01","3","Flowing","intermittent_moderate","flowing",0.0949478350076039,NA,NA,13.8,NA,NA,19.206,13,0.4307,45,10,40,5,0,0,2.03,10.07,7.7,479,0.828651685,0.101123596,0.070224719,45.917338,5.456714,928.713,NA,NA,NA,NA,NA,NA,NA,NA,NA,NA,1.228469883,0.147127607,8.34968982401787,87,0.45742147,1.6,25,0.047,394,1872.8,482.7,79.50753556,20.49246444,2.5,0.7,8,5,3.75,9,31.25,9,20,101,7.61,294,0.196,278.5,2778,1,4,0.0949478350076039,"Flowing","Flowing"
"102","GR01","3","Riparian","intermittent_moderate","flowing",0.0745968294446994,16.2083333333333,0.319722222222222,NA,NA,NA,19.2186666666667,NA,NA,NA,NA,NA,NA,NA,NA,2.03,NA,NA,479,0.828651685,0.101123596,0.070224719,45.917338,5.456714,928.713,NA,NA,NA,NA,NA,NA,NA,NA,NA,NA,8.512208772,0.376934359,22.5827350804069,NA,0.45742147,1.6,25,NA,394,1872.8,482.7,79.50753556,20.49246444,2.5,0.7,8,5,3.75,9,31.25,9,20,101,NA,NA,NA,NA,NA,NA,NA,0.0949478350076039,"Flowing","Flowing"
"103","GR01","5","Dry","intermittent_moderate","dry",0.032247931994035,NA,NA,NA,14.9333333333333,0.145416666666667,19.90025,NA,0,45,10,40,5,0,0,1.71,NA,NA,NA,0.828651685,0.101123596,0.070224719,45.917338,5.456714,928.713,NA,NA,NA,NA,NA,NA,NA,NA,NA,NA,0.358207392,0.127271926,2.81450437074395,87,25.56911102,NA,25,NA,394,1872.8,482.7,79.50753556,20.49246444,NA,NA,8,5,3.75,9,31.25,9,20,101,8.42,92.2,NA,NA,NA,NA,NA,0.032247931994035,"Dry","Dry"
"104","GR01","5","Riparian","intermittent_moderate","dry",0.008454708418387,15.1416666666667,0.153666666666667,NA,NA,NA,19.8055,NA,NA,NA,NA,NA,NA,NA,NA,1.71,NA,NA,NA,0.828651685,0.101123596,0.070224719,45.917338,5.456714,928.713,NA,NA,NA,NA,NA,NA,NA,NA,NA,NA,13.0235121,0.594624482,21.9020785289496,NA,25.56911102,NA,25,NA,394,1872.8,482.7,79.50753556,20.49246444,NA,NA,8,5,3.75,9,31.25,9,20,101,NA,NA,NA,NA,NA,NA,NA,0.032247931994035,"Dry","Dry"
"105","GR01","7","Flowing","intermittent_moderate","flowing",0.0190342845007068,NA,NA,7.2,NA,NA,8.2194,5,0.052,53,2,40,4,1,0,2.15,11.91,8.06,470,0.828651685,0.101123596,0.070224719,45.917338,5.456714,928.713,NA,NA,NA,0.125,0,0,0,0,0.032258064516129,22,0.503898823,0.122335599,4.11898766278162,87,18.28577231,1.5,20,0.001,394,1872.8,482.7,79.50753556,20.49246444,2.3,0.6,8,5,3.75,9,31.25,9,20,101,8.3,110.7,0.277,323.5,1322.5,1,4,0.0190342845007068,"Flowing","Flowing"
"106","GR01","7","Riparian","intermittent_moderate","flowing",0.00904509494146176,5.28666666666667,0.300333333333333,NA,NA,NA,8.1808,NA,NA,NA,NA,NA,NA,NA,NA,2.15,NA,NA,470,0.828651685,0.101123596,0.070224719,45.917338,5.456714,928.713,NA,NA,NA,0.125,0,0,0,0,0.032258064516129,22,10.48074426,0.560769346,18.6899379125477,NA,18.28577231,1.5,20,NA,394,1872.8,482.7,79.50753556,20.49246444,2.3,0.6,8,5,3.75,9,31.25,9,20,101,NA,NA,NA,NA,NA,NA,NA,0.0190342845007068,"Flowing","Flowing"
"107","JO01","1","Flowing","intermittent_moderate","flowing",-0.0124996914504193,NA,NA,9.95,NA,NA,2.33333333333333,0.1,0.1551,0,0,90,10,0,0,2.38,12.53,7.39,392,0.640569395,0.007117438,0.352313167,46.053805,5.635586,1727.845,0.747945205479452,0,0.252054794520548,1,1,0,0,0,0,101,0.494271797,0.073799405,6.6975038213384,62.5,2.130997787,1.2,0,0.001,940,0,1641,0,100,1.8,0.6,4.5,2.5,9.380952381,2,17.14285714,31,2,199,7.36,172.1,0.158,180.5,1816,0,0,-0.0124996914504193,"Flowing","Flowing"
"108","JO01","1","Riparian","intermittent_moderate","flowing",-0.0206711177863453,1.18333333333333,0.264583333333334,NA,NA,NA,4.625,NA,NA,NA,NA,NA,NA,NA,NA,2.38,NA,NA,392,0.640569395,0.007117438,0.352313167,46.053805,5.635586,1727.845,0.747945205479452,0,0.252054794520548,1,1,0,0,0,0,101,13.46305656,0.303730356,44.3256865639074,NA,2.130997787,1.2,0,NA,940,0,1641,0,100,1.8,0.6,4.5,2.5,9.380952381,2,17.14285714,31,2,199,NA,NA,NA,NA,NA,NA,NA,-0.0124996914504193,"Flowing","Flowing"
"109","JO01","3","Flowing","intermittent_moderate","flowing",0.095372771110219,NA,NA,17.5,NA,NA,25.5621666666667,12.1,0.1514,0,20,75,5,0,0,1.72,9.57,7.59,332,0.640569395,0.007117438,0.352313167,46.053805,5.635586,1727.845,0.747945205479452,0,0.252054794520548,1,1,0,0,0,0,191,0.561716644,0.095888821,5.85799927605742,62.5,1.212307306,1.3,0,0.014,940,0,1641,0,100,2,0.7,4.5,2.5,9.380952381,2,17.14285714,31,2,199,7.66,673,0.324,567.5,6227.5,2,49,0.095372771110219,"Flowing","Flowing"
"110","JO01","3","Riparian","intermittent_moderate","flowing",0.140978123964671,13.7333333333334,0.3214,NA,NA,NA,25.6108,NA,NA,NA,NA,NA,NA,NA,NA,1.72,NA,NA,332,0.640569395,0.007117438,0.352313167,46.053805,5.635586,1727.845,0.747945205479452,0,0.252054794520548,1,1,0,0,0,0,191,8.250027003,0.416707323,19.7981330004129,NA,1.212307306,1.3,0,NA,940,0,1641,0,100,2,0.7,4.5,2.5,9.380952381,2,17.14285714,31,2,199,NA,NA,NA,NA,NA,NA,NA,0.095372771110219,"Flowing","Flowing"
"111","JO01","5","Dry","intermittent_moderate","dry",0.00267751919512068,NA,NA,NA,14.0333333333333,0.11025,15.139,NA,0,0,20,75,5,0,0,3.4,NA,NA,NA,0.640569395,0.007117438,0.352313167,46.053805,5.635586,1727.845,0.747945205479452,0,0.252054794520548,0,0.258064516129032,0,0,1,0.741935483870968,7,0.258049252,0.071976799,3.58517266098483,62.5,3.83316063,NA,0,0,940,0,1641,0,100,NA,NA,4.5,2.5,9.380952381,2,17.14285714,31,2,199,8.35,98.7,NA,NA,NA,NA,NA,0.00267751919512068,"Dry","Dry"
"112","JO01","5","Riparian","intermittent_moderate","dry",-0.0238182252175831,13.6958333333333,0.284416666666667,NA,NA,NA,15.091,NA,NA,NA,NA,NA,NA,NA,NA,3.4,NA,NA,NA,0.640569395,0.007117438,0.352313167,46.053805,5.635586,1727.845,0.747945205479452,0,0.252054794520548,0,0.258064516129032,0,0,1,0.741935483870968,7,10.75382597,0.346409059,31.0437203953145,NA,3.83316063,NA,0,NA,940,0,1641,0,100,NA,NA,4.5,2.5,9.380952381,2,17.14285714,31,2,199,NA,NA,NA,NA,NA,NA,NA,0.00267751919512068,"Dry","Dry"
"113","JO01","7","Dry","intermittent_moderate","pool",0.0360598115559433,NA,NA,NA,2.48888888888889,NA,1.54666666666667,NA,NA,0,20,75,5,0,0,NA,NA,NA,NA,0.640569395,0.007117438,0.352313167,46.053805,5.635586,1727.845,0.747945205479452,0,0.252054794520548,0,0.032258064516129,0,0,0.125,0,78,NA,NA,NA,NA,NA,NA,NA,NA,940,NA,NA,NA,NA,NA,NA,NA,NA,NA,NA,NA,NA,NA,NA,8.21,1745,NA,NA,NA,NA,NA,0.0332611827378716,"Dry","Dry"
"114","JO01","7","Riparian","intermittent_moderate","pool",0.407189496096704,3.02,NA,NA,NA,NA,1.4164,NA,NA,NA,NA,NA,NA,NA,NA,NA,NA,NA,NA,0.640569395,0.007117438,0.352313167,46.053805,5.635586,1727.845,0.747945205479452,0,0.252054794520548,0,0.032258064516129,0,0,0.125,0,78,9.335964356,0.378505461,24.66533595403,NA,NA,NA,NA,NA,940,NA,NA,NA,NA,NA,NA,NA,NA,NA,NA,NA,NA,NA,NA,NA,NA,NA,NA,NA,NA,NA,0.0332611827378716,"Dry","Dry"
"115","JO01","7","Pool","intermittent_moderate","pool",0.0304625539197999,NA,NA,8.25,NA,NA,1.4375,NA,NA,0,20,75,5,0,0,NA,NA,NA,NA,0.640569395,0.007117438,0.352313167,46.053805,5.635586,1727.845,0.747945205479452,0,0.252054794520548,0,0.032258064516129,0,0,0.125,0,78,NA,NA,NA,NA,NA,NA,NA,NA,940,NA,NA,NA,NA,NA,NA,NA,NA,NA,NA,NA,NA,NA,NA,9.03,67.8,0.221,322.5,2581.5,1,11,0.0332611827378716,"Dry","Dry"
"116","ME01","1","Flowing","perennial","flowing",0.0355660092863504,NA,NA,25.8,NA,NA,3.9,2.6,0.1971,20,9,63,5,3,0,1.74,12.31,7.98,542,1,0,0,45.967892,5.608018,1244.983,1,0,0,1,1,0,0,0,0,NA,0.666142579,0.104112904,6.39827104428861,56,5.003464344,2.8,0,0.041,840,0,2490.1,0,100,4.6,1.2,13,9,0,0,NA,0,0,NA,6.94,1203,0.545,353,1864,1,2,0.0355660092863504,"Flowing","Flowing"
"117","ME01","1","Riparian","perennial","flowing",0.00641191096270892,2.22666666666667,0.2784,NA,NA,NA,4.3,NA,NA,NA,NA,NA,NA,NA,NA,1.74,NA,NA,542,1,0,0,45.967892,5.608018,1244.983,1,0,0,1,1,0,0,0,0,NA,14.377859,0.241290913,59.58723775064,NA,5.003464344,2.8,0,NA,840,0,2490.1,0,100,4.6,1.2,13,9,0,0,NA,0,0,NA,NA,NA,NA,NA,NA,NA,NA,0.0355660092863504,"Flowing","Flowing"
"118","ME01","3","Flowing","perennial","flowing",0.0721464649268841,NA,NA,24.22,NA,NA,12.5546,11.6,0.2821,10,10,74,5,1,0,2.11,10.12,8.25,373,1,0,0,45.967892,5.608018,1244.983,1,0,0,1,1,0,0,0,0,NA,0.606021965,0.102216624,5.92880043661,56,1.049328161,2.7,0,0.071,840,0,2490.1,0,100,4.8,1.2,13,9,0,0,NA,0,0,NA,7.97,105.9,0.305,362,3307,1,25,0.0721464649268841,"Flowing","Flowing"
"119","ME01","3","Riparian","perennial","flowing",0.165869333823423,14.0533333333333,0.235,NA,NA,NA,12.4964,NA,NA,NA,NA,NA,NA,NA,NA,2.11,NA,NA,373,1,0,0,45.967892,5.608018,1244.983,1,0,0,1,1,0,0,0,0,NA,22.14897606,0.896639426,24.7022107412885,NA,1.049328161,2.7,0,NA,840,0,2490.1,0,100,4.8,1.2,13,9,0,0,NA,0,0,NA,NA,NA,NA,NA,NA,NA,NA,0.0721464649268841,"Flowing","Flowing"
"120","ME01","5","Flowing","perennial","flowing",0.0132967104581634,NA,NA,13.15,NA,NA,15.0195,10.5,0.1312,20,10,64,4,2,0,0.82,9.89,8.45,413,1,0,0,45.967892,5.608018,1244.983,1,0,0,1,1,0,0,0,0,NA,0.325392625,0.103145114,3.15470711487119,56,2.828071813,2.3,0,0.014,840,0,2490.1,0,100,3.5,0.8,13,9,0,0,NA,0,0,NA,8.19,100,0.508,512.5,1943,1,19,0.0132967104581634,"Flowing","Flowing"
"121","ME01","5","Riparian","perennial","flowing",-0.0260648975192552,14.0666666666667,0.144416666666667,NA,NA,NA,14.9715,NA,NA,NA,NA,NA,NA,NA,NA,0.82,NA,NA,413,1,0,0,45.967892,5.608018,1244.983,1,0,0,1,1,0,0,0,0,NA,14.57973179,0.387907729,37.5855666180861,NA,2.828071813,2.3,0,NA,840,0,2490.1,0,100,3.5,0.8,13,9,0,0,NA,0,0,NA,NA,NA,NA,NA,NA,NA,NA,0.0132967104581634,"Flowing","Flowing"
"122","ME01","7","Flowing","perennial","flowing",0.00363247458348937,NA,NA,11.8333333333333,NA,NA,-0.699333333333333,NA,NA,20,10,64,4,2,0,NA,NA,NA,NA,1,0,0,45.967892,5.608018,1244.983,1,0,0,1,1,0,0,0,0,NA,NA,NA,NA,56,2.041327936,NA,0,NA,840,0,2490.1,0,100,NA,NA,13,9,0,0,NA,0,0,NA,NA,NA,0.483,482.5,1297,1,5,0.00363247458348937,"Flowing","Flowing"
"123","ME01","7","Riparian","perennial","flowing",0.00212291140920165,3.88333333333334,0.192083333333333,NA,NA,NA,-0.746,NA,NA,NA,NA,NA,NA,NA,NA,NA,NA,NA,NA,1,0,0,45.967892,5.608018,1244.983,1,0,0,1,1,0,0,0,0,NA,16.5334308,0.540150996,30.6089055142648,NA,2.041327936,NA,0,NA,840,0,2490.1,0,100,NA,NA,13,9,0,0,NA,0,0,NA,NA,NA,NA,NA,NA,NA,NA,0.00363247458348937,"Flowing","Flowing"
"124","RA01","1","Flowing","perennial","flowing",-0.00778830597142964,NA,NA,34.44,NA,NA,4.5,7,0.559,0,10,85,5,0,0,3.37,11.66,8.43,304,1,0,0,45.894629,5.435159,1798.239,1,0,0,1,1,0,0,0,0,NA,1.454468831,0.177746167,8.18284217065564,78.5,0.85621357,1.6,40,0.091,538,0,2467.4,0,100,2.4,1,4.3,3.2,0,0,NA,0,0,NA,7.5,1888,0.261,358,2431,9,34,-0.00778830597142964,"Flowing","Flowing"
"125","RA01","1","Riparian","perennial","flowing",0.0185347700515079,4.93333333333334,0.408666666666667,NA,NA,NA,4.5,NA,NA,NA,NA,NA,NA,NA,NA,3.37,NA,NA,304,1,0,0,45.894629,5.435159,1798.239,1,0,0,1,1,0,0,0,0,NA,4.579703821,0.264305626,17.327303585282,NA,0.85621357,1.6,40,NA,538,0,2467.4,0,100,2.4,1,4.3,3.2,0,0,NA,0,0,NA,NA,NA,NA,NA,NA,NA,NA,-0.00778830597142964,"Flowing","Flowing"
"126","RO01","1","Flowing","intermittent_long","flowing",-0.0054445068029017,NA,NA,16.3666666666667,NA,NA,5,2.3,0.1108,15,15,65,5,0,0,4.18,12.29,7.82,335,0.477744807,0.504451039,0.017804154,46.051191,5.611608,1073.466,NA,NA,NA,1,NA,0,NA,0,NA,10,1.773782463,0.135876124,13.0544087569057,79,1.281154052,1.9,0,0.002,869,1214.5,226.8,84.26420593,15.73579407,2.7,1.3,6,3.4,1.2,8.722222222,6.611111111,2,17,42,7.57,125.3,0.375,370,2294.5,1,0,-0.0054445068029017,"Flowing","Flowing"
"127","RO01","1","Riparian","intermittent_long","flowing",0.0187493755118574,1.59444444444444,0.322222222222222,NA,NA,NA,5,NA,NA,NA,NA,NA,NA,NA,NA,4.18,NA,NA,335,0.477744807,0.504451039,0.017804154,46.051191,5.611608,1073.466,NA,NA,NA,1,NA,0,NA,0,NA,10,13.92229727,0.625987583,22.240532636891,NA,1.281154052,1.9,0,NA,869,1214.5,226.8,84.26420593,15.73579407,2.7,1.3,6,3.4,1.2,8.722222222,6.611111111,2,17,42,NA,NA,NA,NA,NA,NA,NA,-0.0054445068029017,"Flowing","Flowing"
"128","RO01","5","Dry","intermittent_long","dry",0.0169762940122596,NA,NA,NA,13.7833333333333,0.100333333333333,15.44925,NA,0,30,10,60,0,0,0,2.52,NA,NA,NA,0.477744807,0.504451039,0.017804154,46.051191,5.611608,1073.466,NA,NA,NA,0,0.129032258064516,1,0.838709677419355,0,0.032258064516129,8,0.822211441,0.23502238,3.49843891888083,79,6.969641008,NA,1,NA,869,1214.5,226.8,84.26420593,15.73579407,NA,NA,6,3.4,1.2,8.722222222,6.611111111,2,17,42,8.15,78.5,NA,NA,NA,NA,NA,0.0169762940122596,"Dry","Dry"
"129","RO01","5","Riparian","intermittent_long","dry",0.00712312908228102,13.8,0.23475,NA,NA,NA,15.4735,NA,NA,NA,NA,NA,NA,NA,NA,2.52,NA,NA,NA,0.477744807,0.504451039,0.017804154,46.051191,5.611608,1073.466,NA,NA,NA,0,0.129032258064516,1,0.838709677419355,0,0.032258064516129,8,11.85026241,0.731007545,16.2108619685998,NA,6.969641008,NA,1,NA,869,1214.5,226.8,84.26420593,15.73579407,NA,NA,6,3.4,1.2,8.722222222,6.611111111,2,17,42,NA,NA,NA,NA,NA,NA,NA,0.0169762940122596,"Dry","Dry"
"130","RO01","7","Dry","intermittent_long","pool",0.0316008966090565,NA,NA,NA,2.74444444444444,NA,9.373,NA,NA,30,10,60,0,0,0,NA,NA,NA,NA,0.477744807,0.504451039,0.017804154,46.051191,5.611608,1073.466,NA,NA,NA,0,0,0.125,0.032258064516129,0,0,9,NA,NA,NA,NA,NA,NA,NA,NA,869,NA,NA,NA,NA,NA,NA,NA,NA,NA,NA,NA,NA,NA,NA,7.539,NA,NA,NA,NA,NA,NA,0.0367917802469975,"Dry","Dry"
"131","RO01","7","Riparian","intermittent_long","pool",0.0240875695761298,3.72,NA,NA,NA,NA,9.373,NA,NA,NA,NA,NA,NA,NA,NA,NA,NA,NA,NA,0.477744807,0.504451039,0.017804154,46.051191,5.611608,1073.466,NA,NA,NA,0,0,0.125,0.032258064516129,0,0,9,18.6518237,0.967080694,19.2867294484528,NA,NA,NA,NA,NA,869,NA,NA,NA,NA,NA,NA,NA,NA,NA,NA,NA,NA,NA,NA,NA,NA,NA,NA,NA,NA,NA,0.0367917802469975,"Dry","Dry"
"132","RO01","7","Pool","intermittent_long","pool",0.0419826638849386,NA,NA,6.7,NA,NA,9.373,NA,NA,30,10,60,0,0,0,NA,NA,NA,NA,0.477744807,0.504451039,0.017804154,46.051191,5.611608,1073.466,NA,NA,NA,0,0,0.125,0.032258064516129,0,0,9,NA,NA,NA,NA,NA,NA,NA,NA,869,NA,NA,NA,NA,NA,NA,NA,NA,NA,NA,NA,NA,NA,NA,NA,NA,0.306,409.5,2990,1,12,0.0367917802469975,"Dry","Dry"
"133","VI01","1","Flowing","perennial","flowing",0.0938327653736547,NA,NA,23.4,NA,NA,7.1,7,0.3337,72,5,20,3,0,0,6.64,11.88,8.54,350,1,0,0,45.936376,5.532067,513.316,1,0,0,1,1,0,0,0,0,NA,1.419850096,0.170014856,8.35132958028091,48.5,1.229440353,2.9,80,0.191,395,0,496.6,0,100,4.6,1.8,6.7,4.5,0,0,NA,0,0,NA,8.41,214,0.67,613.5,1196,0,0,0.0938327653736547,"Flowing","Flowing"
"134","VI01","1","Riparian","perennial","flowing",0.0706364579667453,6.44,0.2872,NA,NA,NA,7.1,NA,NA,NA,NA,NA,NA,NA,NA,6.64,NA,NA,350,1,0,0,45.936376,5.532067,513.316,1,0,0,1,1,0,0,0,0,NA,14.60482903,0.346555744,42.1427989085646,NA,1.229440353,2.9,80,NA,395,0,496.6,0,100,4.6,1.8,6.7,4.5,0,0,NA,0,0,NA,NA,NA,NA,NA,NA,NA,NA,0.0938327653736547,"Flowing","Flowing"
"135","VI01","3","Flowing","perennial","flowing",0.0120280909409614,NA,NA,23.2,NA,NA,12.6518,11.3,0.297222222,70,5,24,0,1,0,2.99,10.83,8.14,345,1,0,0,45.936376,5.532067,513.316,1,0,0,1,1,0,0,0,0,NA,1.052738944,0.131224708,8.02241407159389,48.5,0.572638616,2.8,10,0.088,395,0,496.6,0,100,3.7,1.9,6.7,4.5,0,0,NA,0,0,NA,7.53,1185,0.566,566,1913.5,1,14,0.0120280909409614,"Flowing","Flowing"
"136","VI01","3","Riparian","perennial","flowing",0.0487781458365113,12.9,0.3224,NA,NA,NA,12.8448,NA,NA,NA,NA,NA,NA,NA,NA,2.99,NA,NA,345,1,0,0,45.936376,5.532067,513.316,1,0,0,1,1,0,0,0,0,NA,15.50388224,0.611533569,25.3524630959384,NA,0.572638616,2.8,10,NA,395,0,496.6,0,100,3.7,1.9,6.7,4.5,0,0,NA,0,0,NA,NA,NA,NA,NA,NA,NA,NA,0.0120280909409614,"Flowing","Flowing"
